,Loan_ID,Gender,Married,Dependents,Education,Self_Employed,ApplicantIncome,CoapplicantIncome,LoanAmount,Loan_Amount_Term,Credit_History,Property_Area,Loan_Status,LoanAmount_log,ApplicantIncome_log,CoapplicantIncome_log,TotalIncome,TotalIncome_log
0,LP001002,1,0,0,0,0,5849,0.0,128.0,360.0,1.0,2,1,4.852030263919617,8.674025985443025,0.0,5849.0,8.674025985443025
1,LP001003,1,1,1,0,0,4583,1508.0,128.0,360.0,1.0,0,0,4.852030263919617,8.430109084509125,7.319202458767849,6091.0,8.714567550836485
2,LP001005,1,1,0,0,1,3000,0.0,66.0,360.0,1.0,2,1,4.189654742026425,8.006367567650246,0.0,3000.0,8.006367567650246
3,LP001006,1,1,0,1,0,2583,2358.0,120.0,360.0,1.0,2,1,4.787491742782046,7.8567067930958405,7.765993079407675,4941.0,8.50532301884575
4,LP001008,1,0,0,0,0,6000,0.0,141.0,360.0,1.0,2,1,4.948759890378168,8.699514748210191,0.0,6000.0,8.699514748210191
5,LP001011,1,1,2,0,1,5417,4196.0,267.0,360.0,1.0,2,1,5.58724865840025,8.597297435657898,8.34212526333359,9613.0,9.170871628065816
6,LP001013,1,1,0,1,0,2333,1516.0,95.0,360.0,1.0,2,1,4.553876891600541,7.75491027202143,7.324489979348532,3849.0,8.255568653283746
7,LP001014,1,1,3,0,0,3036,2504.0,158.0,360.0,0.0,1,0,5.062595033026967,8.01829613851552,7.826044013518965,5540.0,8.61974977974133
8,LP001018,1,1,2,0,0,4006,1526.0,168.0,360.0,1.0,2,1,5.123963979403259,8.295548516225763,7.3310603052186325,5532.0,8.61830469278465
9,LP001020,1,1,1,0,0,12841,10968.0,349.0,360.0,1.0,1,0,5.855071922202427,9.460398455831275,9.302828391411333,23809.0,10.077818939438902
10,LP001024,1,1,2,0,0,3200,700.0,70.0,360.0,1.0,2,1,4.248495242049359,8.070906088787819,6.55250788703459,3900.0,8.268731832117737
11,LP001027,1,1,2,0,0,2500,1840.0,109.0,360.0,1.0,2,1,4.6913478822291435,7.824046010856292,7.518064181233078,4340.0,8.375629627094451
12,LP001028,1,1,2,0,0,3073,8106.0,200.0,360.0,1.0,2,1,5.298317366548036,8.030409562130485,9.000483164987708,11179.0,9.321792297270326
13,LP001029,1,0,0,0,0,1853,2840.0,114.0,360.0,1.0,0,0,4.736198448394496,7.52456122628536,7.951911381854188,4693.0,8.453827315794417
14,LP001030,1,1,2,0,0,1299,1086.0,17.0,120.0,1.0,2,1,2.833213344056216,7.1693500166706,6.99117688712121,2385.0,7.776954403322442
15,LP001032,1,0,0,0,0,4950,0.0,125.0,360.0,1.0,2,1,4.8283137373023015,8.507142855562735,0.0,4950.0,8.507142855562735
16,LP001034,1,0,1,1,0,3596,0.0,100.0,240.0,1.0,2,1,4.605170185988092,8.18757739559151,0.0,3596.0,8.18757739559151
17,LP001036,0,0,0,0,0,3510,0.0,76.0,360.0,0.0,2,0,4.330733340286331,8.163371316459912,0.0,3510.0,8.163371316459912
18,LP001038,1,1,0,1,0,4887,0.0,133.0,360.0,1.0,0,0,4.890349128221754,8.494333897270154,0.0,4887.0,8.494333897270154
19,LP001041,1,1,0,0,0,2600,3500.0,115.0,360.0,1.0,2,1,4.74493212836325,7.8632667240095735,8.160803920954665,6100.0,8.716044050161402
20,LP001043,1,1,0,1,0,7660,0.0,104.0,360.0,0.0,2,0,4.6443908991413725,8.943767262734637,0.0,7660.0,8.943767262734637
21,LP001046,1,1,1,0,0,5955,5625.0,315.0,360.0,1.0,2,1,5.752572638825633,8.691986481789401,8.635153989049803,11580.0,9.357034751126987
22,LP001047,1,1,0,1,0,2600,1911.0,116.0,360.0,0.0,1,0,4.7535901911063645,7.8632667240095735,7.555905093611346,4511.0,8.414274137408396
23,LP001050,1,1,2,1,0,3365,1917.0,112.0,360.0,0.0,0,0,4.718498871295094,8.121183242078828,7.559038255443384,5282.0,8.572060092857077
24,LP001052,1,1,1,0,0,3717,2925.0,151.0,360.0,1.0,1,0,5.017279836814924,8.220672170297252,7.98139158158007,6642.0,8.801168401936692
25,LP001066,1,1,0,0,1,9560,0.0,191.0,360.0,1.0,1,1,5.25227342804663,9.165343006045447,0.0,9560.0,9.165343006045447
26,LP001068,1,1,0,0,0,2799,2253.0,122.0,360.0,1.0,1,1,4.804021044733257,7.937017489515454,7.720461694599722,5052.0,8.527539483470381
27,LP001073,1,1,2,1,0,4226,1040.0,110.0,360.0,1.0,2,1,4.700480365792417,8.349011198176003,6.947937068614969,5266.0,8.569026340056254
28,LP001086,1,0,0,1,0,1442,0.0,35.0,360.0,1.0,2,0,3.5553480614894135,7.273786317844895,0.0,1442.0,7.273786317844895
29,LP001087,0,0,2,0,0,3750,2083.0,120.0,360.0,1.0,1,1,4.787491742782046,8.229511118964457,7.642044402873258,5833.0,8.671286726753637
30,LP001091,1,1,1,0,0,4166,3369.0,201.0,360.0,1.0,2,0,5.303304908059076,8.334711621820917,8.122668023346407,7535.0,8.927314111060596
31,LP001095,1,0,0,0,0,3167,0.0,74.0,360.0,1.0,2,0,4.30406509320417,8.06054004653864,0.0,3167.0,8.06054004653864
32,LP001097,1,0,1,0,1,4692,0.0,106.0,360.0,1.0,0,0,4.663439094112067,8.453614209773367,0.0,4692.0,8.453614209773367
33,LP001098,1,1,0,0,0,3500,1667.0,114.0,360.0,1.0,1,1,4.736198448394496,8.160518247477505,7.419380582918692,5167.0,8.550047528287184
34,LP001100,1,0,3,0,0,12500,3000.0,320.0,360.0,1.0,0,0,5.768320995793772,9.433483923290392,8.006700845440367,15500.0,9.648595302907339
35,LP001106,1,1,0,0,0,2275,2067.0,128.0,360.0,1.0,2,1,4.852030263919617,7.729735331385051,7.63433723562832,4342.0,8.376090350438238
36,LP001109,1,1,0,0,0,1828,1330.0,100.0,360.0,0.0,2,0,4.605170185988092,7.510977752014095,7.193685818395112,3158.0,8.057694194815587
37,LP001112,0,1,0,0,0,3667,1459.0,144.0,360.0,1.0,1,1,4.969813299576001,8.207129168071326,7.286191714702382,5126.0,8.542080906924017
38,LP001114,1,0,0,0,0,4166,7210.0,184.0,360.0,1.0,2,1,5.214935757608986,8.334711621820917,8.88336291691676,11376.0,9.339261152043022
39,LP001116,1,0,0,1,0,3748,1668.0,110.0,360.0,1.0,1,1,4.700480365792417,8.228977643358313,7.419979923661835,5416.0,8.59711281459211
40,LP001119,1,0,0,0,0,3600,0.0,80.0,360.0,1.0,2,0,4.382026634673881,8.1886891244442,0.0,3600.0,8.1886891244442
41,LP001120,1,0,0,0,0,1800,1213.0,47.0,360.0,1.0,2,1,3.8501476017100584,7.495541943884256,7.101675971619444,3013.0,8.0106915391303
42,LP001123,1,1,0,0,0,2400,0.0,75.0,360.0,1.0,2,1,4.31748811353631,7.783224016336037,0.0,2400.0,7.783224016336037
43,LP001131,1,1,0,0,0,3941,2336.0,134.0,360.0,1.0,1,1,4.897839799950911,8.279189777195004,7.756623334538858,6277.0,8.744647438317532
44,LP001136,1,1,0,1,1,4695,0.0,96.0,360.0,1.0,2,1,4.564348191467836,8.454253391642363,0.0,4695.0,8.454253391642363
45,LP001137,0,0,0,0,0,3410,0.0,88.0,360.0,1.0,2,1,4.477336814478207,8.134467570277563,0.0,3410.0,8.134467570277563
46,LP001138,1,1,1,0,0,5649,0.0,44.0,360.0,1.0,2,1,3.784189633918261,8.639233817325263,0.0,5649.0,8.639233817325263
47,LP001144,1,1,0,0,0,5821,0.0,144.0,360.0,1.0,2,1,4.969813299576001,8.669227347271736,0.0,5821.0,8.669227347271736
48,LP001146,0,1,0,0,0,2645,3440.0,120.0,360.0,0.0,2,0,4.787491742782046,7.8804263442924,8.14351740579748,6085.0,8.713582005421628
49,LP001151,0,0,0,0,0,4000,2275.0,144.0,360.0,1.0,1,1,4.969813299576001,8.294049640102028,7.730174795246222,6275.0,8.744328763999984
50,LP001155,0,1,0,1,0,1928,1644.0,100.0,360.0,1.0,1,1,4.605170185988092,7.564238475170491,7.405495663199472,3572.0,8.18088094199639
51,LP001157,0,0,0,0,0,3086,0.0,120.0,360.0,1.0,1,1,4.787491742782046,8.034631032923107,0.0,3086.0,8.034631032923107
52,LP001164,0,0,0,0,0,4230,0.0,112.0,360.0,1.0,1,0,4.718498871295094,8.349957272040324,0.0,4230.0,8.349957272040324
53,LP001179,1,1,2,0,0,4616,0.0,134.0,360.0,1.0,2,0,4.897839799950911,8.437283808187935,0.0,4616.0,8.437283808187935
54,LP001186,0,1,1,0,1,11500,0.0,286.0,360.0,0.0,2,0,5.655991810819852,9.350102314351341,0.0,11500.0,9.350102314351341
55,LP001194,1,1,2,0,0,2708,1167.0,97.0,360.0,1.0,1,1,4.574710978503383,7.903965634032166,7.0630481633881725,3875.0,8.262300941787448
56,LP001195,1,1,0,0,0,2132,1591.0,96.0,360.0,1.0,1,1,4.564348191467836,7.664815785285735,7.3727463664043285,3723.0,8.222285073872717
57,LP001197,1,1,0,0,0,3366,2200.0,135.0,360.0,1.0,0,0,4.90527477843843,8.121480374750751,7.696667081526462,5566.0,8.624431942085836
58,LP001198,1,1,1,0,0,8080,2250.0,180.0,360.0,1.0,2,1,5.19295685089021,8.997147151515142,7.719129840906732,10330.0,9.242807562113684
59,LP001199,1,1,2,1,0,3357,2859.0,144.0,360.0,1.0,2,1,4.969813299576001,8.118802996980035,7.958576903813898,6216.0,8.734881892047483
60,LP001205,1,1,0,0,0,2500,3796.0,120.0,360.0,1.0,2,1,4.787491742782046,7.824046010856292,8.241966560231802,6296.0,8.74766979009724
61,LP001206,1,1,3,0,0,3029,0.0,99.0,360.0,1.0,2,1,4.59511985013459,8.015987811027237,0.0,3029.0,8.015987811027237
62,LP001207,1,1,0,1,1,2609,3449.0,165.0,180.0,0.0,0,0,5.10594547390058,7.866722285136729,8.146129510025405,6058.0,8.709134991587183
63,LP001213,1,1,1,0,0,4945,0.0,128.0,360.0,0.0,0,0,4.852030263919617,8.506132244056813,0.0,4945.0,8.506132244056813
64,LP001222,0,0,0,0,0,4166,0.0,116.0,360.0,0.0,1,0,4.7535901911063645,8.334711621820917,0.0,4166.0,8.334711621820917
65,LP001225,1,1,0,0,0,5726,4595.0,258.0,360.0,1.0,1,0,5.552959584921617,8.65277248565806,8.432941638968646,10321.0,9.241935933565934
66,LP001228,1,0,0,1,0,3200,2254.0,126.0,180.0,0.0,2,0,4.836281906951478,8.070906088787819,7.720905251936779,5454.0,8.604104563405533
67,LP001233,1,1,1,0,0,10750,0.0,312.0,360.0,1.0,2,1,5.7430031878094825,9.28266103355581,0.0,10750.0,9.28266103355581
68,LP001238,1,1,3,1,1,7100,0.0,125.0,60.0,1.0,2,1,4.8283137373023015,8.867850063029406,0.0,7100.0,8.867850063029406
69,LP001241,0,0,0,0,0,4300,0.0,136.0,360.0,0.0,1,0,4.912654885736052,8.366370301681654,0.0,4300.0,8.366370301681654
70,LP001243,1,1,0,0,0,3208,3066.0,172.0,360.0,1.0,2,1,5.147494476813453,8.073402968986406,8.028455164114252,6274.0,8.744169388750624
71,LP001245,1,1,2,1,1,1875,1875.0,97.0,360.0,1.0,1,1,4.574710978503383,7.536363938404511,7.53689712956617,3750.0,8.229511118964457
72,LP001248,1,0,0,0,0,3500,0.0,81.0,300.0,1.0,1,1,4.394449154672439,8.160518247477505,0.0,3500.0,8.160518247477505
73,LP001250,1,1,3,1,0,4755,0.0,95.0,360.0,0.0,1,0,4.553876891600541,8.46695197497949,0.0,4755.0,8.46695197497949
74,LP001253,1,1,3,0,1,5266,1774.0,187.0,360.0,1.0,1,1,5.231108616854587,8.569026340056254,7.4815557019095165,7040.0,8.859363449152088
75,LP001255,1,0,0,0,0,3750,0.0,113.0,480.0,1.0,2,0,4.727387818712341,8.229511118964457,0.0,3750.0,8.229511118964457
76,LP001256,1,0,0,0,0,3750,4750.0,176.0,360.0,1.0,2,0,5.170483995038151,8.229511118964457,8.46611040118692,8500.0,9.047821442478408
77,LP001259,1,1,1,0,1,1000,3022.0,110.0,360.0,1.0,2,0,4.700480365792417,6.907755278982137,8.014004994779459,4022.0,8.299534570332597
78,LP001263,1,1,3,0,0,3167,4000.0,180.0,300.0,0.0,1,0,5.19295685089021,8.06054004653864,8.294299608857235,7167.0,8.877242435993919
79,LP001264,1,1,3,1,1,3333,2166.0,130.0,360.0,1.0,1,1,4.867534450455582,8.11162807830774,7.681099001536359,5499.0,8.612321536507814
80,LP001265,0,0,0,0,0,3846,0.0,111.0,360.0,1.0,1,1,4.709530201312334,8.254788926148725,0.0,3846.0,8.254788926148725
81,LP001266,1,1,1,0,1,2395,0.0,128.0,360.0,1.0,1,1,4.852030263919617,7.781138509845015,0.0,2395.0,7.781138509845015
82,LP001267,0,1,2,0,0,1378,1881.0,167.0,360.0,1.0,2,0,5.117993812416755,7.228388451573604,7.540090320145325,3259.0,8.089175678837561
83,LP001273,1,1,0,0,0,6000,2250.0,265.0,360.0,1.0,1,0,5.579729825986222,8.699514748210191,7.719129840906732,8250.0,9.017968479328726
84,LP001275,1,1,1,0,0,3988,0.0,50.0,240.0,1.0,2,1,3.912023005428146,8.291045131081729,0.0,3988.0,8.291045131081729
85,LP001279,1,0,0,0,0,2366,2531.0,136.0,360.0,1.0,1,1,4.912654885736052,7.768956044538332,7.836764783264067,4897.0,8.496378051702317
86,LP001280,1,1,2,1,0,3333,2000.0,99.0,360.0,1.0,1,1,4.59511985013459,8.11162807830774,7.601402334583733,5333.0,8.581669210600602
87,LP001282,1,1,0,0,0,2500,2118.0,104.0,360.0,1.0,1,1,4.6443908991413725,7.824046010856292,7.6586995582682995,4618.0,8.43771698991444
88,LP001289,1,0,0,0,0,8566,0.0,210.0,360.0,1.0,2,1,5.3471075307174685,9.055556158175316,0.0,8566.0,9.055556158175316
89,LP001310,1,1,0,0,0,5695,4167.0,175.0,360.0,1.0,1,1,5.1647859739235145,8.647343875881283,8.335191583433202,9862.0,9.196444266784072
90,LP001316,1,1,0,0,0,2958,2900.0,131.0,360.0,1.0,1,1,4.875197323201151,7.992268643270745,7.972810784121404,5858.0,8.675563527387679
91,LP001318,1,1,2,0,0,6250,5654.0,188.0,180.0,1.0,1,1,5.236441962829949,8.740336742730447,8.640295388550221,11904.0,9.384629757072872
92,LP001319,1,1,2,1,0,3273,1820.0,81.0,360.0,1.0,2,1,4.394449154672439,8.09346227450118,7.507141079727608,5093.0,8.535622326884605
93,LP001322,1,0,0,0,0,4133,0.0,122.0,360.0,1.0,1,1,4.804021044733257,8.326758814511733,0.0,4133.0,8.326758814511733
94,LP001325,1,0,0,1,0,3620,0.0,25.0,120.0,1.0,1,1,3.2188758248682006,8.194229304819817,0.0,3620.0,8.194229304819817
95,LP001326,1,0,0,0,0,6782,0.0,128.0,360.0,1.0,2,0,4.852030263919617,8.822027322685583,0.0,6782.0,8.822027322685583
96,LP001327,0,1,0,0,0,2484,2302.0,137.0,360.0,1.0,1,1,4.919980925828125,7.81762544305337,7.741967899820685,4786.0,8.47345026846832
97,LP001333,1,1,0,0,0,1977,997.0,50.0,360.0,1.0,1,1,3.912023005428146,7.589335823170617,6.905753276311464,2974.0,7.9976631270201
98,LP001334,1,1,0,1,0,4188,0.0,115.0,180.0,1.0,1,1,4.74493212836325,8.339978571990427,0.0,4188.0,8.339978571990427
99,LP001343,1,1,0,0,0,1759,3541.0,131.0,360.0,1.0,1,1,4.875197323201151,7.472500744737558,8.17244681834278,5300.0,8.575462099540212
100,LP001345,1,1,2,1,0,4288,3263.0,133.0,180.0,1.0,2,1,4.890349128221754,8.363575702750637,8.090708716083997,7551.0,8.929435283803425
101,LP001349,1,0,0,0,0,4843,3806.0,151.0,360.0,1.0,1,1,5.017279836814924,8.48528964240323,8.244596756382498,8649.0,9.065198986306513
102,LP001350,1,1,0,0,0,13650,0.0,128.0,360.0,1.0,2,1,4.852030263919617,9.521494800613105,0.0,13650.0,9.521494800613105
103,LP001356,1,1,0,0,0,4652,3583.0,128.0,360.0,1.0,1,1,4.852030263919617,8.445052513638554,8.18423477409482,8235.0,9.016148642611741
104,LP001357,1,1,0,0,0,3816,754.0,160.0,360.0,1.0,2,1,5.075173815233827,8.246958032568177,6.626717749249025,4570.0,8.42726848388825
105,LP001367,1,1,1,0,0,3052,1030.0,100.0,360.0,1.0,2,1,4.605170185988092,8.023552392404348,6.93828448401696,4082.0,8.31434234336979
106,LP001369,1,1,2,0,0,11417,1126.0,225.0,360.0,1.0,2,1,5.41610040220442,9.342858751676328,7.027314514039777,12543.0,9.436918020024674
107,LP001370,1,0,0,1,0,7333,0.0,120.0,360.0,1.0,0,0,4.787491742782046,8.9001399880938,0.0,7333.0,8.9001399880938
108,LP001379,1,1,2,0,0,3800,3600.0,216.0,360.0,0.0,2,0,5.375278407684165,8.242756345714477,8.188966863648876,7400.0,8.909235279192261
109,LP001384,1,1,3,1,0,2071,754.0,94.0,480.0,1.0,1,1,4.543294782270004,7.635786861395585,6.626717749249025,2825.0,7.946263643580541
110,LP001385,1,0,0,0,0,5316,0.0,136.0,360.0,1.0,2,1,4.912654885736052,8.578476419833136,0.0,5316.0,8.578476419833136
111,LP001387,0,1,0,0,0,2929,2333.0,139.0,360.0,1.0,1,1,4.9344739331306915,7.982416346827733,7.755338812846501,5262.0,8.568266461600238
112,LP001391,1,1,0,1,0,3572,4114.0,152.0,360.0,0.0,0,0,5.0238805208462765,8.18088094199639,8.32239411311117,7686.0,8.94715577112479
113,LP001392,0,0,1,0,1,7451,0.0,128.0,360.0,1.0,1,1,4.852030263919617,8.916103530553727,0.0,7451.0,8.916103530553727
114,LP001398,1,0,0,0,0,5050,0.0,118.0,360.0,1.0,1,1,4.770684624465665,8.527143522269405,0.0,5050.0,8.527143522269405
115,LP001401,1,1,1,0,0,14583,0.0,185.0,180.0,1.0,0,1,5.220355825078324,9.587611745713565,0.0,14583.0,9.587611745713565
116,LP001404,0,1,0,0,0,3167,2283.0,154.0,360.0,1.0,1,1,5.0369526024136295,8.06054004653864,7.7336835707759,5450.0,8.60337088765729
117,LP001405,1,1,1,0,0,2214,1398.0,85.0,360.0,1.0,2,1,4.442651256490317,7.7025561132685825,7.243512974665482,3612.0,8.192016914536875
118,LP001421,1,1,0,0,0,5568,2142.0,175.0,360.0,1.0,0,0,5.1647859739235145,8.624791202014256,7.669961995473577,7710.0,8.950273466557375
119,LP001422,0,0,0,0,0,10408,0.0,259.0,360.0,1.0,2,1,5.556828061699537,9.250330020192342,0.0,10408.0,9.250330020192342
120,LP001426,1,1,0,0,0,5667,2667.0,180.0,360.0,1.0,0,1,5.19295685089021,8.64241515616962,7.889084407035514,8334.0,9.0280988119824
121,LP001430,0,0,0,0,0,4166,0.0,44.0,360.0,1.0,1,1,3.784189633918261,8.334711621820917,0.0,4166.0,8.334711621820917
122,LP001431,0,0,0,0,0,2137,8980.0,137.0,360.0,0.0,1,1,4.919980925828125,7.667158255319148,9.10286651367095,11117.0,9.316230747233615
123,LP001432,1,1,2,0,0,2957,0.0,81.0,360.0,1.0,1,1,4.394449154672439,7.9919305198524775,0.0,2957.0,7.9919305198524775
124,LP001439,1,1,0,1,0,4300,2014.0,194.0,360.0,1.0,0,1,5.267858159063328,8.366370301681654,7.608374474380783,6314.0,8.750524669117937
125,LP001443,0,0,0,0,0,3692,0.0,93.0,360.0,1.0,0,1,4.532599493153256,8.213923595622743,0.0,3692.0,8.213923595622743
126,LP001448,1,1,3,0,0,23803,0.0,370.0,360.0,1.0,0,1,5.91350300563827,10.077566902136047,0.0,23803.0,10.077566902136047
127,LP001449,1,0,0,0,0,3865,1640.0,128.0,360.0,1.0,0,1,4.852030263919617,8.259716961021523,7.403061091090091,5505.0,8.61341204915678
128,LP001451,1,1,1,0,1,10513,3850.0,160.0,180.0,0.0,2,0,5.075173815233827,9.26036786557583,8.25608813381491,14363.0,9.572410734431823
129,LP001465,1,1,0,0,0,6080,2569.0,182.0,360.0,1.0,0,0,5.204006687076795,8.712759974960212,7.851661177889265,8649.0,9.065198986306513
130,LP001469,1,0,0,0,1,20166,0.0,650.0,480.0,1.0,2,1,6.476972362889683,9.91175329695316,0.0,20166.0,9.91175329695316
131,LP001473,1,0,0,0,0,2014,1929.0,74.0,360.0,1.0,2,1,4.30406509320417,7.607878073278507,7.5652752818989315,3943.0,8.279697133877628
132,LP001478,1,0,0,0,0,2718,0.0,70.0,360.0,1.0,1,1,4.248495242049359,7.907651594711089,0.0,2718.0,7.907651594711089
133,LP001482,1,1,0,0,1,3459,0.0,25.0,120.0,1.0,1,1,3.2188758248682006,8.148734808937169,0.0,3459.0,8.148734808937169
134,LP001487,1,0,0,0,0,4895,0.0,102.0,360.0,1.0,1,1,4.624972813284271,8.49596955496461,0.0,4895.0,8.49596955496461
135,LP001488,1,1,3,0,0,4000,7750.0,290.0,360.0,1.0,1,0,5.66988092298052,8.294049640102028,8.955577146281511,11750.0,9.371608519572305
136,LP001489,0,1,0,0,0,4583,0.0,84.0,360.0,1.0,0,0,4.430816798843313,8.430109084509125,0.0,4583.0,8.430109084509125
137,LP001491,1,1,2,0,1,3316,3500.0,88.0,360.0,1.0,2,1,4.477336814478207,8.106514516255185,8.160803920954665,6816.0,8.827028068509152
138,LP001492,1,0,0,0,0,14999,0.0,242.0,360.0,0.0,1,0,5.488937726156687,9.61573881119536,0.0,14999.0,9.61573881119536
139,LP001493,1,1,2,1,0,4200,1430.0,129.0,360.0,1.0,0,0,4.859812404361672,8.34283980427146,7.266128779556451,5630.0,8.635864721133736
140,LP001497,1,1,2,0,0,5042,2083.0,185.0,360.0,1.0,0,0,5.220355825078324,8.525558107747866,7.642044402873258,7125.0,8.871365005136852
141,LP001498,1,0,0,0,0,5417,0.0,168.0,360.0,1.0,2,1,5.123963979403259,8.597297435657898,0.0,5417.0,8.597297435657898
142,LP001504,1,0,0,0,1,6950,0.0,175.0,180.0,1.0,1,1,5.1647859739235145,8.846496938558838,0.0,6950.0,8.846496938558838
143,LP001507,1,1,0,0,0,2698,2034.0,122.0,360.0,1.0,1,1,4.804021044733257,7.900266036767701,7.618251097876695,4732.0,8.462103225098277
144,LP001508,1,1,2,0,0,11757,0.0,187.0,180.0,1.0,2,1,5.231108616854587,9.372204086867741,0.0,11757.0,9.372204086867741
145,LP001514,0,1,0,0,0,2330,4486.0,100.0,360.0,1.0,1,1,4.605170185988092,7.753623546559746,8.408939605975984,6816.0,8.827028068509152
146,LP001516,0,1,2,0,0,14866,0.0,70.0,360.0,1.0,2,1,4.248495242049359,9.60683200528524,0.0,14866.0,9.60683200528524
147,LP001518,1,1,1,0,0,1538,1425.0,30.0,360.0,1.0,2,1,3.4011973816621555,7.338238150065589,7.262628600974241,2963.0,7.993957547573565
148,LP001519,0,0,0,0,0,10000,1666.0,225.0,360.0,1.0,0,0,5.41610040220442,9.210340371976184,7.418780882750794,11666.0,9.364433907313582
149,LP001520,1,1,0,0,0,4860,830.0,125.0,360.0,1.0,1,1,4.8283137373023015,8.48879371689454,6.7226297948554485,5690.0,8.646465527120377
150,LP001528,1,0,0,0,0,6277,0.0,118.0,360.0,0.0,0,0,4.770684624465665,8.744647438317532,0.0,6277.0,8.744647438317532
151,LP001529,1,1,0,0,1,2577,3750.0,152.0,360.0,1.0,0,1,5.0238805208462765,7.854381210652365,8.229777750081887,6327.0,8.752581469146884
152,LP001531,1,0,0,0,0,9166,0.0,244.0,360.0,1.0,2,0,5.497168225293202,9.123256265069069,0.0,9166.0,9.123256265069069
153,LP001532,1,1,2,1,0,2281,0.0,113.0,360.0,1.0,0,0,4.727387818712341,7.732369222284388,0.0,2281.0,7.732369222284388
154,LP001535,1,0,0,0,0,3254,0.0,50.0,360.0,1.0,2,1,3.912023005428146,8.087640287778983,0.0,3254.0,8.087640287778983
155,LP001536,1,1,3,0,0,39999,0.0,600.0,180.0,0.0,1,1,6.396929655216146,10.596609732783568,0.0,39999.0,10.596609732783568
156,LP001541,1,1,1,0,0,6000,0.0,160.0,360.0,1.0,0,1,5.075173815233827,8.699514748210191,0.0,6000.0,8.699514748210191
157,LP001543,1,1,1,0,0,9538,0.0,187.0,360.0,1.0,2,1,5.231108616854587,9.16303909885817,0.0,9538.0,9.16303909885817
158,LP001546,1,0,0,0,0,2980,2083.0,120.0,360.0,1.0,0,1,4.787491742782046,7.9996785794994505,7.642044402873258,5063.0,8.529714471969909
159,LP001552,1,1,0,0,0,4583,5625.0,255.0,360.0,1.0,1,1,5.541263545158426,8.430109084509125,8.635153989049803,10208.0,9.23092700558457
160,LP001560,1,1,0,1,0,1863,1041.0,98.0,360.0,1.0,1,1,4.584967478670572,7.529943370601589,6.948897222313312,2904.0,7.973844375944687
161,LP001562,1,1,0,0,0,7933,0.0,275.0,360.0,1.0,2,0,5.616771097666572,8.978786553302003,0.0,7933.0,8.978786553302003
162,LP001565,1,1,1,0,0,3089,1280.0,121.0,360.0,0.0,1,0,4.795790545596741,8.035602692918582,7.155396301896734,4369.0,8.382289428951436
163,LP001570,1,1,2,0,0,4167,1447.0,158.0,360.0,1.0,0,1,5.062595033026967,8.334951631422454,7.277938572945661,5614.0,8.633018756921828
164,LP001572,1,1,0,0,0,9323,0.0,75.0,180.0,1.0,2,1,4.31748811353631,9.140239744296693,0.0,9323.0,9.140239744296693
165,LP001574,1,1,0,0,0,3707,3166.0,182.0,360.0,1.0,0,1,5.204006687076795,8.217978203150732,8.06054004653864,6873.0,8.835355971121606
166,LP001577,0,1,0,0,0,4583,0.0,112.0,360.0,1.0,0,0,4.718498871295094,8.430109084509125,0.0,4583.0,8.430109084509125
167,LP001578,1,1,0,0,0,2439,3333.0,129.0,360.0,1.0,0,1,4.859812404361672,7.79934339821592,8.111928063310739,5772.0,8.660773919893762
168,LP001579,1,0,0,0,0,2237,0.0,63.0,480.0,0.0,1,0,4.143134726391533,7.71289096149013,0.0,2237.0,7.71289096149013
169,LP001580,1,1,2,0,0,8000,0.0,200.0,360.0,1.0,1,1,5.298317366548036,8.987196820661973,0.0,8000.0,8.987196820661973
170,LP001581,1,1,0,1,0,1820,1769.0,95.0,360.0,1.0,0,1,4.553876891600541,7.506591780070841,7.478734825567875,3589.0,8.185628891147607
171,LP001585,1,1,3,0,0,51763,0.0,700.0,300.0,1.0,2,1,6.551080335043404,10.854430887309706,0.0,51763.0,10.854430887309706
172,LP001586,1,1,3,1,0,3522,0.0,81.0,180.0,1.0,0,0,4.394449154672439,8.166784289056151,0.0,3522.0,8.166784289056151
173,LP001594,1,1,0,0,0,5708,5625.0,187.0,360.0,1.0,1,1,5.231108616854587,8.649623978596727,8.635153989049803,11333.0,9.335474102732949
174,LP001603,1,1,0,1,1,4344,736.0,87.0,360.0,1.0,1,0,4.465908118654584,8.37655086161377,6.602587892189336,5080.0,8.533066540572527
175,LP001606,1,1,0,0,0,3497,1964.0,116.0,360.0,1.0,0,1,4.7535901911063645,8.159660737063376,7.583247524303362,5461.0,8.605387202152153
176,LP001608,1,1,2,0,0,2045,1619.0,101.0,360.0,1.0,0,1,4.61512051684126,7.623153068476902,7.3901814282264295,3664.0,8.20631072579402
177,LP001610,1,1,3,0,0,5516,11300.0,495.0,360.0,0.0,1,0,6.20455776256869,8.615408238913192,9.332646496360152,16816.0,9.730086093116732
178,LP001616,1,1,1,0,0,3750,0.0,116.0,360.0,1.0,1,1,4.7535901911063645,8.229511118964457,0.0,3750.0,8.229511118964457
179,LP001630,1,0,0,1,0,2333,1451.0,102.0,480.0,0.0,2,0,4.624972813284271,7.75491027202143,7.280697195384741,3784.0,8.238536930171769
180,LP001633,1,1,1,0,0,6400,7250.0,180.0,360.0,0.0,2,0,5.19295685089021,8.764053269347762,8.888894669371593,13650.0,9.521494800613105
181,LP001634,1,0,0,0,0,1916,5063.0,67.0,360.0,1.0,0,0,4.204692619390966,7.557994958530806,8.529911963824013,6979.0,8.850660919017152
182,LP001636,1,1,0,0,0,4600,0.0,73.0,180.0,1.0,1,1,4.290459441148391,8.433811582477187,0.0,4600.0,8.433811582477187
183,LP001637,1,1,1,0,0,33846,0.0,260.0,360.0,1.0,1,0,5.560681631015528,10.429576102968031,0.0,33846.0,10.429576102968031
184,LP001639,0,1,0,0,0,3625,0.0,108.0,360.0,1.0,1,1,4.68213122712422,8.195609567288775,0.0,3625.0,8.195609567288775
185,LP001640,1,1,0,0,1,39147,4750.0,120.0,360.0,1.0,1,1,4.787491742782046,10.575079070130357,8.46611040118692,43897.0,10.689601259598334
186,LP001641,1,1,1,0,1,2178,0.0,66.0,300.0,0.0,0,0,4.189654742026425,7.686162303492906,0.0,2178.0,7.686162303492906
187,LP001643,1,1,0,0,0,2383,2138.0,58.0,360.0,1.0,0,1,4.060443010546419,7.776115477098742,7.668093709082406,4521.0,8.416488487294606
188,LP001644,1,1,0,0,1,674,5296.0,168.0,360.0,1.0,0,1,5.123963979403259,6.513230110912307,8.574895901544526,5970.0,8.694502206386648
189,LP001647,1,1,0,0,0,9328,0.0,188.0,180.0,1.0,0,1,5.236441962829949,9.140775908590273,0.0,9328.0,9.140775908590273
190,LP001653,1,0,0,1,0,4885,0.0,48.0,360.0,1.0,0,1,3.871201010907891,8.493924564476883,0.0,4885.0,8.493924564476883
191,LP001656,1,0,0,0,0,12000,0.0,164.0,360.0,1.0,1,0,5.099866427824199,9.392661928770137,0.0,12000.0,9.392661928770137
192,LP001657,1,1,0,1,0,6033,0.0,160.0,360.0,1.0,2,0,5.075173815233827,8.704999678440762,0.0,6033.0,8.704999678440762
193,LP001658,1,0,0,0,0,3858,0.0,76.0,360.0,1.0,1,1,4.330733340286331,8.257904193465674,0.0,3858.0,8.257904193465674
194,LP001664,1,0,0,0,0,4191,0.0,120.0,360.0,1.0,0,1,4.787491742782046,8.340694647925071,0.0,4191.0,8.340694647925071
195,LP001665,1,1,1,0,0,3125,2583.0,170.0,360.0,1.0,1,0,5.135798437050262,8.047189562170502,7.857093864902493,5708.0,8.649623978596727
196,LP001666,1,0,0,0,0,8333,3750.0,187.0,360.0,1.0,0,1,5.231108616854587,9.027978814382207,8.229777750081887,12083.0,9.399554785027307
197,LP001669,0,0,0,1,0,1907,2365.0,120.0,360.0,1.0,2,1,4.787491742782046,7.553286605600419,7.768956044538332,4272.0,8.35983738064003
198,LP001671,0,1,0,0,0,3416,2816.0,113.0,360.0,1.0,1,1,4.727387818712341,8.13622555490846,7.943427767876373,6232.0,8.737452587550584
199,LP001673,1,0,0,0,1,11000,0.0,83.0,360.0,1.0,2,0,4.418840607796598,9.305650551780507,0.0,11000.0,9.305650551780507
200,LP001674,1,1,1,1,0,2600,2500.0,90.0,360.0,1.0,1,1,4.499809670330265,7.8632667240095735,7.824445930877619,5100.0,8.536995818712418
201,LP001677,1,0,2,0,0,4923,0.0,166.0,360.0,0.0,1,1,5.111987788356544,8.5016733797582,0.0,4923.0,8.5016733797582
202,LP001682,1,1,3,1,0,3992,0.0,128.0,180.0,1.0,2,0,4.852030263919617,8.292047637431354,0.0,3992.0,8.292047637431354
203,LP001688,1,1,1,1,0,3500,1083.0,135.0,360.0,1.0,2,1,4.90527477843843,8.160518247477505,6.988413181999592,4583.0,8.430109084509125
204,LP001691,1,1,2,1,0,3917,0.0,124.0,360.0,1.0,1,1,4.820281565605037,8.27308133366583,0.0,3917.0,8.27308133366583
205,LP001692,0,0,0,1,0,4408,0.0,120.0,360.0,1.0,1,1,4.787491742782046,8.391176350832751,0.0,4408.0,8.391176350832751
206,LP001693,0,0,0,0,0,3244,0.0,80.0,360.0,1.0,2,1,4.382026634673881,8.084562415235304,0.0,3244.0,8.084562415235304
207,LP001698,1,0,0,1,0,3975,2531.0,55.0,360.0,1.0,0,1,4.007333185232471,8.287780027088433,7.836764783264067,6506.0,8.780480107033297
208,LP001699,1,0,0,0,0,2479,0.0,59.0,360.0,1.0,2,1,4.07753744390572,7.8156105320351905,0.0,2479.0,7.8156105320351905
209,LP001702,1,0,0,0,0,3418,0.0,127.0,360.0,1.0,1,0,4.844187086458591,8.136810863675537,0.0,3418.0,8.136810863675537
210,LP001708,0,0,0,0,0,10000,0.0,214.0,360.0,1.0,1,0,5.365976015021851,9.210340371976184,0.0,10000.0,9.210340371976184
211,LP001711,1,1,3,0,0,3430,1250.0,128.0,360.0,0.0,1,0,4.852030263919617,8.140315540159985,7.1316985104669115,4680.0,8.451053388911692
212,LP001713,1,1,1,0,1,7787,0.0,240.0,360.0,1.0,2,1,5.480638923341991,8.960210955576986,0.0,7787.0,8.960210955576986
213,LP001715,1,1,3,1,1,5703,0.0,130.0,360.0,1.0,0,1,4.867534450455582,8.648747631156539,0.0,5703.0,8.648747631156539
214,LP001716,1,1,0,0,0,3173,3021.0,137.0,360.0,1.0,2,1,4.919980925828125,8.062432791583195,8.013674142832684,6194.0,8.731336360533149
215,LP001720,1,1,3,1,0,3850,983.0,100.0,360.0,1.0,1,1,4.605170185988092,8.25582842728183,6.891625897052253,4833.0,8.483222671845084
216,LP001722,1,1,0,0,0,150,1800.0,135.0,360.0,1.0,0,0,4.90527477843843,5.0106352940962555,7.496097345175956,1950.0,7.575584651557793
217,LP001726,1,1,0,0,0,3727,1775.0,131.0,360.0,1.0,1,1,4.875197323201151,8.223358899479258,7.4821189235521155,5502.0,8.61286694148452
218,LP001732,1,1,2,0,0,5000,0.0,72.0,360.0,0.0,1,0,4.276666119016055,8.517193191416238,0.0,5000.0,8.517193191416238
219,LP001734,0,1,2,0,0,4283,2383.0,127.0,360.0,1.0,1,1,4.844187086458591,8.36240897761537,7.776535028185241,6666.0,8.804775258867686
220,LP001736,1,1,0,0,0,2221,0.0,60.0,360.0,0.0,2,0,4.0943445622221,7.7057128238944275,0.0,2221.0,7.7057128238944275
221,LP001743,1,1,2,0,0,4009,1717.0,116.0,360.0,1.0,1,1,4.7535901911063645,8.296297112642508,7.4489161025442,5726.0,8.65277248565806
222,LP001744,1,0,0,0,0,2971,2791.0,144.0,360.0,1.0,1,1,4.969813299576001,7.9966538754626075,7.934513463882263,5762.0,8.659039915644474
223,LP001749,1,1,0,0,0,7578,1010.0,175.0,360.0,1.0,1,1,5.1647859739235145,8.933004591578547,6.918695219020472,8588.0,9.058121158998672
224,LP001750,1,1,0,0,0,6250,0.0,128.0,360.0,1.0,1,1,4.852030263919617,8.740336742730447,0.0,6250.0,8.740336742730447
225,LP001751,1,1,0,0,0,3250,0.0,170.0,360.0,1.0,0,0,5.135798437050262,8.086410275323782,0.0,3250.0,8.086410275323782
226,LP001754,1,1,0,1,1,4735,0.0,138.0,360.0,1.0,2,0,4.927253685157205,8.462737005620179,0.0,4735.0,8.462737005620179
227,LP001758,1,1,2,0,0,6250,1695.0,210.0,360.0,1.0,1,1,5.3471075307174685,8.740336742730447,7.4360278163518485,7945.0,8.980298078970817
228,LP001760,1,1,0,0,0,4758,0.0,158.0,480.0,1.0,1,1,5.062595033026967,8.467582690862903,0.0,4758.0,8.467582690862903
229,LP001761,1,0,0,0,1,6400,0.0,200.0,360.0,1.0,0,1,5.298317366548036,8.764053269347762,0.0,6400.0,8.764053269347762
230,LP001765,1,1,1,0,0,2491,2054.0,104.0,360.0,1.0,1,1,4.6443908991413725,7.820439515262181,7.628031126930335,4545.0,8.421783006611578
231,LP001768,1,1,0,0,0,3716,0.0,42.0,180.0,1.0,0,1,3.7376696182833684,8.22040309993373,0.0,3716.0,8.22040309993373
232,LP001770,1,0,0,1,0,3189,2598.0,120.0,360.0,1.0,0,1,4.787491742782046,8.067462667010057,7.8628820346414905,5787.0,8.663369301573839
233,LP001776,0,0,0,0,0,8333,0.0,280.0,360.0,1.0,1,1,5.634789603169249,9.027978814382207,0.0,8333.0,9.027978814382207
234,LP001778,1,1,1,0,0,3155,1779.0,140.0,360.0,1.0,1,1,4.941642422609304,8.056743774975313,7.484368643286131,4934.0,8.503905297089302
235,LP001784,1,1,1,0,0,5500,1260.0,170.0,360.0,1.0,0,1,5.135798437050262,8.612503371220562,7.13966033596492,6760.0,8.81877816903701
236,LP001786,1,1,0,0,0,5746,0.0,255.0,360.0,1.0,2,0,5.541263545158426,8.656259239539235,0.0,5746.0,8.656259239539235
237,LP001788,0,0,0,0,1,3463,0.0,122.0,360.0,1.0,2,1,4.804021044733257,8.149890544402423,0.0,3463.0,8.149890544402423
238,LP001790,0,0,1,0,0,3812,0.0,112.0,360.0,1.0,0,1,4.718498871295094,8.245909264774093,0.0,3812.0,8.245909264774093
239,LP001792,1,1,1,0,0,3315,0.0,96.0,360.0,1.0,1,1,4.564348191467836,8.106212902619962,0.0,3315.0,8.106212902619962
240,LP001798,1,1,2,0,0,5819,5000.0,120.0,360.0,1.0,0,1,4.787491742782046,8.66888370465667,8.517393171418904,10819.0,9.289059126687574
241,LP001800,1,1,1,1,0,2510,1983.0,140.0,180.0,1.0,2,0,4.941642422609304,7.828038032125829,7.592870287844818,4493.0,8.41027590907016
242,LP001806,1,0,0,0,0,2965,5701.0,155.0,60.0,1.0,2,1,5.043425116919247,7.994632311431825,8.648572269472618,8666.0,9.067162602299854
243,LP001807,1,1,2,0,1,6250,1300.0,108.0,360.0,1.0,0,1,4.68213122712422,8.740336742730447,7.170888478512505,7550.0,8.92930284224307
244,LP001811,1,1,0,1,0,3406,4417.0,123.0,360.0,1.0,1,1,4.812184355372417,8.133293861222633,8.393442383980062,7823.0,8.96482339168508
245,LP001813,1,0,0,0,1,6050,4333.0,120.0,180.0,1.0,2,0,4.787491742782046,8.707813551024888,8.374246182096304,10383.0,9.247925132303454
246,LP001814,1,1,2,0,0,9703,0.0,112.0,360.0,1.0,2,1,4.718498871295094,9.1801903950253,0.0,9703.0,9.1801903950253
247,LP001819,1,1,1,1,0,6608,0.0,137.0,180.0,1.0,2,1,4.919980925828125,8.796036315200814,0.0,6608.0,8.796036315200814
248,LP001824,1,1,1,0,0,2882,1843.0,123.0,480.0,1.0,1,1,4.812184355372417,7.966239776559467,7.519692404116539,4725.0,8.460622839927844
249,LP001825,1,1,0,0,0,1809,1868.0,90.0,360.0,1.0,2,1,4.499809670330265,7.500529485395295,7.533158807455563,3677.0,8.209852481301272
250,LP001835,1,1,0,1,0,1668,3890.0,201.0,360.0,0.0,1,0,5.303304908059076,7.419380582918692,8.266421472984554,5558.0,8.62299361030245
251,LP001836,0,0,2,0,0,3427,0.0,138.0,360.0,1.0,2,0,4.927253685157205,8.139440521874608,0.0,3427.0,8.139440521874608
252,LP001841,1,0,0,1,1,2583,2167.0,104.0,360.0,1.0,0,1,4.6443908991413725,7.8567067930958405,7.681560362559537,4750.0,8.465899897028686
253,LP001843,1,1,1,1,0,2661,7101.0,279.0,180.0,1.0,1,1,5.631211781821365,7.886457270977689,8.868131713503033,9762.0,9.186252576447092
254,LP001844,1,0,0,0,1,16250,0.0,192.0,360.0,0.0,2,0,5.2574953720277815,9.695848187757884,0.0,16250.0,9.695848187757884
255,LP001846,0,0,3,0,0,3083,0.0,255.0,360.0,1.0,0,1,5.541263545158426,8.03365842788615,0.0,3083.0,8.03365842788615
256,LP001849,1,0,0,1,0,6045,0.0,115.0,360.0,0.0,0,0,4.74493212836325,8.706986763048892,0.0,6045.0,8.706986763048892
257,LP001854,1,1,3,0,0,5250,0.0,94.0,360.0,1.0,2,0,4.543294782270004,8.565983355585669,0.0,5250.0,8.565983355585669
258,LP001859,1,1,0,0,0,14683,2100.0,304.0,360.0,1.0,0,0,5.717027701406222,9.594445640962938,7.650168700845001,16783.0,9.72812174830818
259,LP001864,1,1,3,1,0,4931,0.0,128.0,360.0,1.0,1,0,4.852030263919617,8.503297086224126,0.0,4931.0,8.503297086224126
260,LP001865,1,1,1,0,0,6083,4250.0,330.0,360.0,1.0,2,1,5.799092654460526,8.713253274320705,8.35490952835879,10333.0,9.243097936214355
261,LP001868,1,0,0,0,0,2060,2209.0,134.0,360.0,1.0,1,1,4.897839799950911,7.630461261783627,7.700747794511798,4269.0,8.359134886757962
262,LP001870,0,0,1,0,0,3481,0.0,155.0,36.0,1.0,1,0,5.043425116919247,8.15507488781144,0.0,3481.0,8.15507488781144
263,LP001871,0,0,0,0,0,7200,0.0,120.0,360.0,1.0,0,1,4.787491742782046,8.881836305004146,0.0,7200.0,8.881836305004146
264,LP001872,1,0,0,0,1,5166,0.0,128.0,360.0,1.0,1,1,4.852030263919617,8.549853973655786,0.0,5166.0,8.549853973655786
265,LP001875,1,0,0,0,0,4095,3447.0,151.0,360.0,1.0,0,1,5.017279836814924,8.31752199628717,8.145549631783584,7542.0,8.928242677818302
266,LP001877,1,1,2,0,0,4708,1387.0,150.0,360.0,1.0,1,1,5.0106352940962555,8.457018468380168,7.23561914106675,6095.0,8.715224041915372
267,LP001882,1,1,3,0,0,4333,1811.0,160.0,360.0,0.0,2,1,5.075173815233827,8.374015421739909,7.502186486602924,6144.0,8.723231274827508
268,LP001883,0,0,0,0,0,3418,0.0,135.0,360.0,1.0,0,0,4.90527477843843,8.136810863675537,0.0,3418.0,8.136810863675537
269,LP001884,0,0,1,0,0,2876,1560.0,90.0,360.0,1.0,2,1,4.499809670330265,7.964155718840937,7.353081920515432,4436.0,8.397508348470257
270,LP001888,0,0,0,0,0,3237,0.0,30.0,360.0,1.0,2,1,3.4011973816621555,8.082402253926244,0.0,3237.0,8.082402253926244
271,LP001891,1,1,0,0,0,11146,0.0,136.0,360.0,1.0,2,1,4.912654885736052,9.318835968129482,0.0,11146.0,9.318835968129482
272,LP001892,1,0,0,0,0,2833,1857.0,126.0,360.0,1.0,0,1,4.836281906951478,7.949091499830517,7.527255919373784,4690.0,8.453187861440325
273,LP001894,1,1,0,0,0,2620,2223.0,150.0,360.0,1.0,1,1,5.0106352940962555,7.8709295967551425,7.707062655370473,4843.0,8.48528964240323
274,LP001896,1,1,2,0,0,3900,0.0,90.0,360.0,1.0,1,1,4.499809670330265,8.268731832117737,0.0,3900.0,8.268731832117737
275,LP001900,1,1,1,0,0,2750,1842.0,115.0,360.0,1.0,1,1,4.74493212836325,7.919356190660617,7.519149957669823,4592.0,8.432070937999402
276,LP001903,1,1,0,0,0,3993,3274.0,207.0,360.0,1.0,1,1,5.332718793265369,8.292298107063221,8.094073148069352,7267.0,8.891098830616636
277,LP001904,1,1,0,0,0,3103,1300.0,80.0,360.0,1.0,2,1,4.382026634673881,8.04012466444838,7.170888478512505,4403.0,8.390041405755754
278,LP001907,1,1,0,0,0,14583,0.0,436.0,360.0,1.0,1,1,6.077642243349034,9.587611745713565,0.0,14583.0,9.587611745713565
279,LP001908,0,1,0,1,0,4100,0.0,124.0,360.0,1.0,0,1,4.820281565605037,8.318742252692399,0.0,4100.0,8.318742252692399
280,LP001910,1,0,1,1,1,4053,2426.0,158.0,360.0,0.0,2,0,5.062595033026967,8.307212626628308,7.794411205726601,6479.0,8.776321456449958
281,LP001914,1,1,0,0,0,3927,800.0,112.0,360.0,1.0,1,1,4.718498871295094,8.27563105457801,6.68586094706836,4727.0,8.461046030793236
282,LP001915,1,1,2,0,0,2301,985.7999877999998,78.0,180.0,1.0,2,1,4.356708826689592,7.741099090035366,6.894467372292008,3286.7999878,8.097669722345216
283,LP001917,0,0,0,0,0,1811,1666.0,54.0,360.0,1.0,2,1,3.9889840465642745,7.501634457883413,7.418780882750794,3477.0,8.153925132007862
284,LP001922,1,1,0,0,0,20667,0.0,128.0,360.0,1.0,0,0,4.852030263919617,9.936293504261306,0.0,20667.0,9.936293504261306
285,LP001924,1,0,0,0,0,3158,3053.0,89.0,360.0,1.0,0,1,4.48863636973214,8.057694194815587,8.024207485778577,6211.0,8.734077192559303
286,LP001925,0,0,0,0,1,2600,1717.0,99.0,300.0,1.0,1,0,4.59511985013459,7.8632667240095735,7.4489161025442,4317.0,8.370315995555478
287,LP001926,1,1,0,0,0,3704,2000.0,120.0,360.0,1.0,0,1,4.787491742782046,8.21716859576607,7.601402334583733,5704.0,8.648922962094131
288,LP001931,0,0,0,0,0,4124,0.0,115.0,360.0,1.0,1,1,4.74493212836325,8.32457884513685,0.0,4124.0,8.32457884513685
289,LP001935,1,0,0,0,0,9508,0.0,187.0,360.0,1.0,0,1,5.231108616854587,9.159888828480085,0.0,9508.0,9.159888828480085
290,LP001936,1,1,0,0,0,3075,2416.0,139.0,360.0,1.0,0,1,4.9344739331306915,8.031060180240619,7.790282380703483,5491.0,8.610865667278873
291,LP001938,1,1,2,0,0,4400,0.0,127.0,360.0,0.0,1,0,4.844187086458591,8.389359819906353,0.0,4400.0,8.389359819906353
292,LP001940,1,1,2,0,0,3153,1560.0,134.0,360.0,1.0,2,1,4.897839799950911,8.056109659545061,7.353081920515432,4713.0,8.45807992692373
293,LP001945,0,0,0,0,0,5417,0.0,143.0,480.0,0.0,2,0,4.962844630259907,8.597297435657898,0.0,5417.0,8.597297435657898
294,LP001947,1,1,0,0,0,2383,3334.0,172.0,360.0,1.0,1,1,5.147494476813453,7.776115477098742,8.112227958349724,5717.0,8.651199471263972
295,LP001949,1,1,3,0,0,4416,1250.0,110.0,360.0,1.0,2,1,4.700480365792417,8.392989587956931,7.1316985104669115,5666.0,8.642238680390461
296,LP001953,1,1,1,0,0,6875,0.0,200.0,360.0,1.0,1,1,5.298317366548036,8.835646922534773,0.0,6875.0,8.835646922534773
297,LP001954,0,1,1,0,0,4666,0.0,135.0,360.0,1.0,2,1,4.90527477843843,8.448057452581375,0.0,4666.0,8.448057452581375
298,LP001955,0,0,0,0,0,5000,2541.0,151.0,480.0,1.0,0,0,5.017279836814924,8.517193191416238,7.8407064517494,7541.0,8.928110078202646
299,LP001963,1,1,1,0,0,2014,2925.0,113.0,360.0,1.0,2,0,4.727387818712341,7.607878073278507,7.98139158158007,4939.0,8.504918160540624
300,LP001964,1,1,0,1,0,1800,2934.0,93.0,360.0,0.0,2,0,4.532599493153256,7.495541943884256,7.984462732262196,4734.0,8.46252579007393
301,LP001972,1,1,0,1,0,2875,1750.0,105.0,360.0,1.0,1,1,4.653960350157523,7.963807953231451,7.467942332285852,4625.0,8.439231649946526
302,LP001974,0,0,0,0,0,5000,0.0,132.0,360.0,1.0,0,1,4.882801922586371,8.517193191416238,0.0,5000.0,8.517193191416238
303,LP001977,1,1,1,0,0,1625,1803.0,96.0,360.0,1.0,2,1,4.564348191467836,7.393263094763838,7.4977617006225685,3428.0,8.13973227971767
304,LP001978,1,0,0,0,0,4000,2500.0,140.0,360.0,1.0,0,1,4.941642422609304,8.294049640102028,7.824445930877619,6500.0,8.779557455883728
305,LP001990,1,0,0,1,0,2000,0.0,128.0,360.0,1.0,2,0,4.852030263919617,7.600902459542082,0.0,2000.0,7.600902459542082
306,LP001993,0,0,0,0,0,3762,1666.0,135.0,360.0,1.0,0,1,4.90527477843843,8.232706009860976,7.418780882750794,5428.0,8.59932602095476
307,LP001994,0,0,0,0,0,2400,1863.0,104.0,360.0,0.0,2,0,4.6443908991413725,7.783224016336037,7.530479995245536,4263.0,8.35772841676521
308,LP001996,1,0,0,0,0,20233,0.0,480.0,360.0,1.0,0,0,6.173786103901937,9.915070213779195,0.0,20233.0,9.915070213779195
309,LP001998,1,1,2,1,0,7667,0.0,185.0,360.0,1.0,0,1,5.220355825078324,8.944680683558895,0.0,7667.0,8.944680683558895
310,LP002002,0,0,0,0,0,2917,0.0,84.0,360.0,1.0,1,1,4.430816798843313,7.978310969867722,0.0,2917.0,7.978310969867722
311,LP002004,1,0,0,1,0,2927,2405.0,111.0,360.0,1.0,1,1,4.709530201312334,7.9817332866918855,7.785720896534624,5332.0,8.5814816812986
312,LP002006,0,0,0,0,0,2507,0.0,56.0,360.0,1.0,0,1,4.02535169073515,7.826842098158293,0.0,2507.0,7.826842098158293
313,LP002008,1,1,2,0,1,5746,0.0,144.0,84.0,1.0,0,1,4.969813299576001,8.656259239539235,0.0,5746.0,8.656259239539235
314,LP002024,1,1,0,0,0,2473,1843.0,159.0,360.0,1.0,0,0,5.0689042022202315,7.813187267521416,7.519692404116539,4316.0,8.370084326378025
315,LP002031,1,1,1,1,0,3399,1640.0,111.0,180.0,1.0,2,1,4.709530201312334,8.131236549696116,7.403061091090091,5039.0,8.524962928680598
316,LP002035,1,1,2,0,0,3717,0.0,120.0,360.0,1.0,1,1,4.787491742782046,8.220672170297252,0.0,3717.0,8.220672170297252
317,LP002036,1,1,0,0,0,2058,2134.0,88.0,360.0,1.0,2,1,4.477336814478207,7.629489916393995,7.666221925662725,4192.0,8.340933226000878
318,LP002043,0,0,1,0,0,3541,0.0,112.0,360.0,1.0,1,1,4.718498871295094,8.172164452111904,0.0,3541.0,8.172164452111904
319,LP002050,1,1,1,0,1,10000,0.0,155.0,360.0,1.0,0,0,5.043425116919247,9.210340371976184,0.0,10000.0,9.210340371976184
320,LP002051,1,1,0,0,0,2400,2167.0,115.0,360.0,1.0,1,1,4.74493212836325,7.783224016336037,7.681560362559537,4567.0,8.426611813185
321,LP002053,1,1,3,0,0,4342,189.0,124.0,360.0,1.0,1,1,4.820281565605037,8.376090350438238,5.247024072160486,4531.0,8.418697944667139
322,LP002054,1,1,2,1,0,3601,1590.0,128.0,360.0,1.0,0,1,4.852030263919617,8.188966863648876,7.372118028337787,5191.0,8.55468163582723
323,LP002055,0,0,0,0,0,3166,2985.0,132.0,360.0,1.0,0,1,4.882801922586371,8.060224240440958,8.001689978099135,6151.0,8.724369949208368
324,LP002065,1,1,3,0,0,15000,0.0,300.0,360.0,1.0,0,1,5.703782474656201,9.615805480084347,0.0,15000.0,9.615805480084347
325,LP002067,1,1,1,0,1,8666,4983.0,376.0,360.0,0.0,0,0,5.929589143389895,9.067162602299854,8.51398806046729,13649.0,9.521421537856195
326,LP002068,1,0,0,0,0,4917,0.0,130.0,360.0,0.0,0,1,4.867534450455582,8.50045386741194,0.0,4917.0,8.50045386741194
327,LP002082,1,1,0,0,1,5818,2160.0,184.0,360.0,1.0,1,1,5.214935757608986,8.668711839055147,7.6783263565068856,7978.0,8.984443032465352
328,LP002086,0,1,0,0,0,4333,2451.0,110.0,360.0,1.0,2,0,4.700480365792417,8.374015421739909,7.804659297056102,6784.0,8.822322177471738
329,LP002087,0,0,0,0,0,2500,0.0,67.0,360.0,1.0,2,1,4.204692619390966,7.824046010856292,0.0,2500.0,7.824046010856292
330,LP002097,1,0,1,0,0,4384,1793.0,117.0,360.0,1.0,2,1,4.762173934797756,8.385716828627851,7.492203042618741,6177.0,8.728587995695898
331,LP002098,1,0,0,0,0,2935,0.0,98.0,360.0,1.0,1,1,4.584967478670572,7.984462732262196,0.0,2935.0,7.984462732262196
332,LP002100,1,0,0,0,0,2833,0.0,71.0,360.0,1.0,2,1,4.2626798770413155,7.949091499830517,0.0,2833.0,7.949091499830517
333,LP002101,1,1,0,0,0,63337,0.0,490.0,180.0,1.0,2,1,6.194405391104672,11.05622495553552,0.0,63337.0,11.05622495553552
334,LP002103,1,1,1,0,1,9833,1833.0,182.0,180.0,1.0,2,1,5.204006687076795,9.193499354780156,7.51425465281641,11666.0,9.364433907313582
335,LP002106,1,1,0,0,1,5503,4490.0,70.0,360.0,1.0,1,1,4.248495242049359,8.613048677059759,8.409830673087738,9993.0,9.209640126861789
336,LP002110,1,1,1,0,0,5250,688.0,160.0,360.0,1.0,0,1,5.075173815233827,8.565983355585669,6.535241271013659,5938.0,8.689127655323706
337,LP002112,1,1,2,0,1,2500,4600.0,176.0,360.0,1.0,0,1,5.170483995038151,7.824046010856292,8.434028950155469,7100.0,8.867850063029406
338,LP002113,0,0,3,1,0,1830,0.0,128.0,360.0,0.0,2,0,4.852030263919617,7.512071245835466,0.0,1830.0,7.512071245835466
339,LP002114,0,0,0,0,0,4160,0.0,71.0,360.0,1.0,1,1,4.2626798770413155,8.333270353255308,0.0,4160.0,8.333270353255308
340,LP002115,1,1,3,1,0,2647,1587.0,173.0,360.0,1.0,0,0,5.153291594497779,7.881182202227102,7.370230641807081,4234.0,8.350902451694811
341,LP002116,0,0,0,0,0,2378,0.0,46.0,360.0,1.0,0,0,3.828641396489095,7.774015077250727,0.0,2378.0,7.774015077250727
342,LP002119,1,1,1,1,0,4554,1229.0,158.0,360.0,1.0,2,1,5.062595033026967,8.423761246623686,7.114769448366463,5783.0,8.662677858158219
343,LP002126,1,1,3,1,0,3173,0.0,74.0,360.0,1.0,1,1,4.30406509320417,8.062432791583195,0.0,3173.0,8.062432791583195
344,LP002128,1,1,2,0,0,2583,2330.0,125.0,360.0,1.0,0,1,4.8283137373023015,7.8567067930958405,7.754052639035757,4913.0,8.499640032168648
345,LP002129,1,1,0,0,0,2499,2458.0,160.0,360.0,1.0,1,1,5.075173815233827,7.823645930834952,7.807510042216193,4957.0,8.508555998020574
346,LP002130,1,1,0,1,0,3523,3230.0,152.0,360.0,0.0,0,0,5.0238805208462765,8.167068178341237,8.080546965824498,6753.0,8.817742129574842
347,LP002131,1,1,2,1,0,3083,2168.0,126.0,360.0,1.0,2,1,4.836281906951478,8.03365842788615,7.682021510826875,5251.0,8.566173813637858
348,LP002137,1,1,0,0,0,6333,4583.0,259.0,360.0,1.0,1,1,5.556828061699537,8.753529336516431,8.430327258394575,10916.0,9.29798488182823
349,LP002138,1,1,0,0,0,2625,6250.0,187.0,360.0,1.0,0,1,5.231108616854587,7.872836175025724,8.740496729931813,8875.0,9.090993614343617
350,LP002139,1,1,0,0,0,9083,0.0,228.0,360.0,1.0,1,1,5.429345628954441,9.114159813502214,0.0,9083.0,9.114159813502214
351,LP002140,1,0,0,0,0,8750,4167.0,308.0,360.0,1.0,0,0,5.730099782973574,9.07680897935166,8.335191583433202,12917.0,9.466299552232016
352,LP002141,1,1,3,0,0,2666,2083.0,95.0,360.0,1.0,0,1,4.553876891600541,7.888334500738654,7.642044402873258,4749.0,8.465689348549121
353,LP002142,0,1,0,0,1,5500,0.0,105.0,360.0,0.0,0,0,4.653960350157523,8.612503371220562,0.0,5500.0,8.612503371220562
354,LP002143,0,1,0,0,0,2423,505.0,130.0,360.0,1.0,1,1,4.867534450455582,7.792761720816526,6.226536669287466,2928.0,7.982074875081202
355,LP002144,0,0,0,0,0,3813,0.0,116.0,180.0,1.0,2,1,4.7535901911063645,8.246171559857563,0.0,3813.0,8.246171559857563
356,LP002149,1,1,2,0,0,8333,3167.0,165.0,360.0,1.0,0,1,5.10594547390058,9.027978814382207,8.060855752934316,11500.0,9.350102314351341
357,LP002151,1,1,1,0,0,3875,0.0,67.0,360.0,1.0,2,0,4.204692619390966,8.262300941787448,0.0,3875.0,8.262300941787448
358,LP002158,1,1,0,1,0,3000,1666.0,100.0,480.0,0.0,2,0,4.605170185988092,8.006367567650246,7.418780882750794,4666.0,8.448057452581375
359,LP002160,1,1,3,0,0,5167,3167.0,200.0,360.0,1.0,1,1,5.298317366548036,8.550047528287184,8.060855752934316,8334.0,9.0280988119824
360,LP002161,0,0,1,0,0,4723,0.0,81.0,360.0,1.0,1,0,4.394449154672439,8.460199469896118,0.0,4723.0,8.460199469896118
361,LP002170,1,1,2,0,0,5000,3667.0,236.0,360.0,1.0,1,1,5.4638318050256105,8.517193191416238,8.207401833376355,8667.0,9.067277989134345
362,LP002175,1,1,0,0,0,4750,2333.0,130.0,360.0,1.0,2,1,4.867534450455582,8.465899897028686,7.755338812846501,7083.0,8.865452825753623
363,LP002178,1,1,0,0,0,3013,3033.0,95.0,300.0,1.0,2,1,4.553876891600541,8.0106915391303,8.017637159908478,6046.0,8.707152175339404
364,LP002180,1,0,0,0,1,6822,0.0,141.0,360.0,1.0,0,1,4.948759890378168,8.82790796297859,0.0,6822.0,8.82790796297859
365,LP002181,1,0,0,1,0,6216,0.0,133.0,360.0,1.0,0,0,4.890349128221754,8.734881892047483,0.0,6216.0,8.734881892047483
366,LP002187,1,0,0,0,0,2500,0.0,96.0,480.0,1.0,1,0,4.564348191467836,7.824046010856292,0.0,2500.0,7.824046010856292
367,LP002188,1,0,0,0,0,5124,0.0,124.0,360.0,0.0,0,0,4.820281565605037,8.541690663016626,0.0,5124.0,8.541690663016626
368,LP002190,1,1,1,0,0,6325,0.0,175.0,360.0,1.0,1,1,5.1647859739235145,8.752265313595721,0.0,6325.0,8.752265313595721
369,LP002191,1,1,0,0,0,19730,5266.0,570.0,360.0,1.0,0,0,6.345636360828596,9.889895599016661,8.569216219483389,24996.0,10.126471091048971
370,LP002194,0,0,0,0,1,15759,0.0,55.0,360.0,1.0,1,1,4.007333185232471,9.665166909622071,0.0,15759.0,9.665166909622071
371,LP002197,1,1,2,0,0,5185,0.0,155.0,360.0,1.0,1,1,5.043425116919247,8.553525120663627,0.0,5185.0,8.553525120663627
372,LP002201,1,1,2,0,1,9323,7873.0,380.0,300.0,1.0,0,1,5.940171252720432,9.140239744296693,8.971321471503682,17196.0,9.752432077616172
373,LP002205,1,0,1,0,0,3062,1987.0,111.0,180.0,0.0,2,0,4.709530201312334,8.026823576217629,7.59488438721652,5049.0,8.526945482858915
374,LP002209,0,0,0,0,0,2764,1459.0,110.0,360.0,1.0,2,1,4.700480365792417,7.92443418488756,7.286191714702382,4223.0,8.348301054933943
375,LP002211,1,1,0,0,0,4817,923.0,120.0,180.0,1.0,2,1,4.787491742782046,8.479906606630221,6.828712071641684,5740.0,8.655214489313613
376,LP002219,1,1,3,0,0,8750,4996.0,130.0,360.0,1.0,0,1,4.867534450455582,9.07680897935166,8.516593011344206,13746.0,9.52850315168155
377,LP002223,1,1,0,0,0,4310,0.0,130.0,360.0,1.0,1,1,4.867534450455582,8.368693183097793,0.0,4310.0,8.368693183097793
378,LP002224,1,0,0,0,0,3069,0.0,71.0,480.0,1.0,2,0,4.2626798770413155,8.029107054619736,0.0,3069.0,8.029107054619736
379,LP002225,1,1,2,0,0,5391,0.0,130.0,360.0,1.0,2,1,4.867534450455582,8.592486175451668,0.0,5391.0,8.592486175451668
380,LP002226,1,1,0,0,0,3333,2500.0,128.0,360.0,1.0,1,1,4.852030263919617,8.11162807830774,7.824445930877619,5833.0,8.671286726753637
381,LP002229,1,0,0,0,0,5941,4232.0,296.0,360.0,1.0,1,1,5.69035945432406,8.689632748355741,8.350666240520924,10173.0,9.227492430793749
382,LP002231,0,0,0,0,0,6000,0.0,156.0,360.0,1.0,2,1,5.049856007249537,8.699514748210191,0.0,6000.0,8.699514748210191
383,LP002234,1,0,0,0,1,7167,0.0,128.0,360.0,1.0,2,1,4.852030263919617,8.877242435993919,0.0,7167.0,8.877242435993919
384,LP002236,1,1,2,0,0,4566,0.0,100.0,360.0,1.0,2,0,4.605170185988092,8.42639282708974,0.0,4566.0,8.42639282708974
385,LP002237,1,0,1,0,0,3667,0.0,113.0,180.0,1.0,2,1,4.727387818712341,8.207129168071326,0.0,3667.0,8.207129168071326
386,LP002239,1,0,0,1,0,2346,1600.0,132.0,360.0,1.0,1,1,4.882801922586371,7.76046702921342,7.3783837129967145,3946.0,8.28045768658256
387,LP002243,1,1,0,1,0,3010,3136.0,128.0,360.0,0.0,2,0,4.852030263919617,8.009695357742922,8.051022208190679,6146.0,8.72355674269043
388,LP002244,1,1,0,0,0,2333,2417.0,136.0,360.0,1.0,2,1,4.912654885736052,7.75491027202143,7.790696031174738,4750.0,8.465899897028686
389,LP002250,1,1,0,0,0,5488,0.0,125.0,360.0,1.0,0,1,4.8283137373023015,8.610319169405722,0.0,5488.0,8.610319169405722
390,LP002255,1,0,3,0,0,9167,0.0,185.0,360.0,1.0,0,1,5.220355825078324,9.123365357961776,0.0,9167.0,9.123365357961776
391,LP002262,1,1,3,0,0,9504,0.0,275.0,360.0,1.0,0,1,5.616771097666572,9.159468041602427,0.0,9504.0,9.159468041602427
392,LP002263,1,1,0,0,0,2583,2115.0,120.0,360.0,1.0,2,1,4.787491742782046,7.8567067930958405,7.65728279297819,4698.0,8.454892165218858
393,LP002265,1,1,2,1,0,1993,1625.0,113.0,180.0,1.0,1,1,4.727387818712341,7.597396320212795,7.3938782901077555,3618.0,8.193676665955241
394,LP002266,1,1,2,0,0,3100,1400.0,113.0,360.0,1.0,2,1,4.727387818712341,8.039157390473237,7.244941546337007,4500.0,8.411832675758411
395,LP002272,1,1,2,0,0,3276,484.0,135.0,360.0,1.0,1,1,4.90527477843843,8.09437844497296,6.184148890937483,3760.0,8.23217423638394
396,LP002277,0,0,0,0,0,3180,0.0,71.0,360.0,0.0,2,0,4.2626798770413155,8.064636475774222,0.0,3180.0,8.064636475774222
397,LP002281,1,1,0,0,0,3033,1459.0,95.0,360.0,1.0,2,1,4.553876891600541,8.017307507688582,7.286191714702382,4492.0,8.410053315858335
398,LP002284,1,0,0,1,0,3902,1666.0,109.0,360.0,1.0,0,1,4.6913478822291435,8.269244521183056,7.418780882750794,5568.0,8.624791202014256
399,LP002287,0,0,0,0,0,1500,1800.0,103.0,360.0,0.0,1,0,4.634728988229636,7.313220387090301,7.496097345175956,3300.0,8.101677747454572
400,LP002288,1,1,2,1,0,2889,0.0,45.0,180.0,0.0,2,0,3.8066624897703196,7.968665700466235,0.0,2889.0,7.968665700466235
401,LP002296,1,0,0,1,0,2755,0.0,65.0,300.0,1.0,0,0,4.174387269895637,7.9211727215870145,0.0,2755.0,7.9211727215870145
402,LP002297,1,0,0,0,0,2500,20000.0,103.0,360.0,1.0,1,1,4.634728988229636,7.824046010856292,9.90353755128617,22500.0,10.021270588192511
403,LP002300,0,0,0,1,0,1963,0.0,53.0,360.0,1.0,1,1,3.970291913552122,7.5822291942764615,0.0,1963.0,7.5822291942764615
404,LP002301,0,0,0,0,1,7441,0.0,194.0,360.0,1.0,0,0,5.267858159063328,8.914760527397261,0.0,7441.0,8.914760527397261
405,LP002305,0,0,0,0,0,4547,0.0,115.0,360.0,1.0,1,1,4.74493212836325,8.42222295382501,0.0,4547.0,8.42222295382501
406,LP002308,1,1,0,1,0,2167,2400.0,115.0,360.0,1.0,2,1,4.74493212836325,7.681099001536359,7.783640596221253,4567.0,8.426611813185
407,LP002314,0,0,0,1,0,2213,0.0,66.0,360.0,1.0,0,1,4.189654742026425,7.70210434005105,0.0,2213.0,7.70210434005105
408,LP002315,1,1,1,0,0,8300,0.0,152.0,300.0,0.0,1,0,5.0238805208462765,9.02401079378469,0.0,8300.0,9.02401079378469
409,LP002317,1,1,3,0,0,81000,0.0,360.0,360.0,0.0,0,0,5.886104031450156,11.302204433654575,0.0,81000.0,11.302204433654575
410,LP002318,0,0,1,1,1,3867,0.0,62.0,360.0,1.0,1,0,4.127134385045092,8.260234291607297,0.0,3867.0,8.260234291607297
411,LP002319,1,1,0,0,0,6256,0.0,160.0,360.0,1.0,2,1,5.075173815233827,8.741296282225147,0.0,6256.0,8.741296282225147
412,LP002328,1,1,0,1,0,6096,0.0,218.0,360.0,0.0,0,0,5.384495062789089,8.715388097366482,0.0,6096.0,8.715388097366482
413,LP002332,1,1,0,1,0,2253,2033.0,110.0,360.0,1.0,0,1,4.700480365792417,7.720017940432244,7.617759576608505,4286.0,8.363109176033522
414,LP002335,0,1,0,1,0,2149,3237.0,178.0,360.0,0.0,1,0,5.181783550292085,7.67275789664251,8.08271113423758,5386.0,8.591558273371545
415,LP002337,0,0,0,0,0,2995,0.0,60.0,360.0,1.0,2,1,4.0943445622221,8.00469951054955,0.0,2995.0,8.00469951054955
416,LP002341,0,0,1,0,0,2600,0.0,160.0,360.0,1.0,2,0,5.075173815233827,7.8632667240095735,0.0,2600.0,7.8632667240095735
417,LP002342,1,1,2,0,1,1600,20000.0,239.0,360.0,1.0,2,0,5.476463551931511,7.3777589082278725,9.90353755128617,21600.0,9.980448593672257
418,LP002345,1,1,0,0,0,1025,2773.0,112.0,360.0,1.0,0,1,4.718498871295094,6.932447891572509,7.928045600874777,3798.0,8.242229891372231
419,LP002347,1,1,0,0,0,3246,1417.0,138.0,360.0,1.0,1,1,4.927253685157205,8.085178748074537,7.257002707092073,4663.0,8.44741429680832
420,LP002348,1,1,0,0,0,5829,0.0,138.0,360.0,1.0,0,1,4.927253685157205,8.67060073804555,0.0,5829.0,8.67060073804555
421,LP002357,0,0,0,1,0,2720,0.0,80.0,360.0,0.0,2,0,4.382026634673881,7.908387159290043,0.0,2720.0,7.908387159290043
422,LP002361,1,1,0,0,0,1820,1719.0,100.0,360.0,1.0,2,1,4.605170185988092,7.506591780070841,7.450079569807499,3539.0,8.171599480345463
423,LP002362,1,1,1,0,0,7250,1667.0,110.0,360.0,0.0,2,0,4.700480365792417,8.88875674784872,7.419380582918692,8917.0,9.095714846134879
424,LP002364,1,1,0,0,0,14880,0.0,96.0,360.0,1.0,1,1,4.564348191467836,9.607773308387083,0.0,14880.0,9.607773308387083
425,LP002366,1,1,0,0,0,2666,4300.0,121.0,360.0,1.0,0,1,4.795790545596741,7.888334500738654,8.366602832783736,6966.0,8.848796450925947
426,LP002367,0,0,1,1,0,4606,0.0,81.0,360.0,1.0,0,0,4.394449154672439,8.43511508038063,0.0,4606.0,8.43511508038063
427,LP002368,1,1,2,0,0,5935,0.0,133.0,360.0,1.0,1,1,4.890349128221754,8.688622307043769,0.0,5935.0,8.688622307043769
428,LP002369,1,1,0,0,0,2920,16.12000084,87.0,360.0,1.0,0,1,4.465908118654584,7.979338895262328,2.8402474197790153,2936.12000084,7.984844261119869
429,LP002370,1,0,0,1,0,2717,0.0,60.0,180.0,1.0,2,1,4.0943445622221,7.907283609426348,0.0,2717.0,7.907283609426348
430,LP002377,0,0,1,0,1,8624,0.0,150.0,360.0,1.0,1,1,5.0106352940962555,9.06230429314878,0.0,8624.0,9.06230429314878
431,LP002379,1,0,0,0,0,6500,0.0,105.0,360.0,0.0,0,0,4.653960350157523,8.779557455883728,0.0,6500.0,8.779557455883728
432,LP002386,1,0,0,0,0,12876,0.0,405.0,360.0,1.0,1,1,6.003887067106539,9.463120392418698,0.0,12876.0,9.463120392418698
433,LP002387,1,1,0,0,0,2425,2340.0,143.0,360.0,1.0,1,1,4.962844630259907,7.793586803371584,7.75833346749091,4765.0,8.469052816088302
434,LP002390,1,0,0,0,0,3750,0.0,100.0,360.0,1.0,2,1,4.605170185988092,8.229511118964457,0.0,3750.0,8.229511118964457
435,LP002393,0,1,0,0,0,10047,0.0,128.0,240.0,1.0,1,1,4.852030263919617,9.215029361462314,0.0,10047.0,9.215029361462314
436,LP002398,1,0,0,0,0,1926,1851.0,50.0,360.0,1.0,1,1,3.912023005428146,7.563200592358071,7.524021415206125,3777.0,8.236685322712457
437,LP002401,1,1,0,0,0,2213,1125.0,128.0,360.0,1.0,2,1,4.852030263919617,7.70210434005105,7.026426808699636,3338.0,8.11312710422178
438,LP002403,1,0,0,0,1,10416,0.0,187.0,360.0,0.0,2,0,5.231108616854587,9.251098364448351,0.0,10416.0,9.251098364448351
439,LP002407,0,1,0,1,1,7142,0.0,138.0,360.0,1.0,0,1,4.927253685157205,8.873748128154395,0.0,7142.0,8.873748128154395
440,LP002408,1,0,0,0,0,3660,5064.0,187.0,360.0,1.0,1,1,5.231108616854587,8.205218426395412,8.530109416682784,8724.0,9.07383312732152
441,LP002409,1,1,0,0,0,7901,1833.0,180.0,360.0,1.0,0,1,5.19295685089021,8.974744612722734,7.51425465281641,9734.0,9.1833801903934
442,LP002418,1,0,3,1,0,4707,1993.0,148.0,360.0,1.0,1,1,4.997212273764115,8.456806041401142,7.597897950521784,6700.0,8.809862805379057
443,LP002422,1,0,1,0,0,37719,0.0,152.0,360.0,1.0,1,1,5.0238805208462765,10.537919225261291,0.0,37719.0,10.537919225261291
444,LP002424,1,1,0,0,0,7333,8333.0,175.0,300.0,1.0,0,1,5.1647859739235145,8.9001399880938,9.0280988119824,15666.0,9.659248037927183
445,LP002429,1,1,1,0,1,3466,1210.0,130.0,360.0,1.0,0,1,4.867534450455582,8.150756470275551,7.099201743553092,4676.0,8.450198322591959
446,LP002434,1,1,2,1,0,4652,0.0,110.0,360.0,1.0,0,1,4.700480365792417,8.445052513638554,0.0,4652.0,8.445052513638554
447,LP002435,1,1,0,0,0,3539,1376.0,55.0,360.0,1.0,0,0,4.007333185232471,8.171599480345463,7.227662498728654,4915.0,8.500047032581268
448,LP002443,1,1,2,0,0,3340,1710.0,150.0,360.0,0.0,0,0,5.0106352940962555,8.113726085970747,7.444833273892193,5050.0,8.527143522269405
449,LP002444,1,0,1,1,1,2769,1542.0,190.0,360.0,1.0,1,0,5.247024072160486,7.926241523170962,7.341483852363161,4311.0,8.368925174747135
450,LP002446,1,1,2,1,0,2309,1255.0,125.0,360.0,0.0,0,0,4.8283137373023015,7.744569809354496,7.135687347028144,3564.0,8.1786387885907
451,LP002447,1,1,2,1,0,1958,1456.0,60.0,300.0,1.0,2,1,4.0943445622221,7.579678823090456,7.284134806195205,3414.0,8.135639903354386
452,LP002448,1,1,0,0,0,3948,1733.0,149.0,360.0,0.0,0,0,5.003946305945459,8.280964400553373,7.458186157340487,5681.0,8.644882552557126
453,LP002449,1,1,0,0,0,2483,2466.0,90.0,180.0,0.0,0,1,4.499809670330265,7.817222785508166,7.810758116529357,4949.0,8.506940814951886
454,LP002453,1,0,0,0,1,7085,0.0,84.0,360.0,1.0,1,1,4.430816798843313,8.865735152124781,0.0,7085.0,8.865735152124781
455,LP002455,1,1,2,0,0,3859,0.0,96.0,360.0,1.0,1,1,4.564348191467836,8.258163361537619,0.0,3859.0,8.258163361537619
456,LP002459,1,1,0,0,0,4301,0.0,118.0,360.0,1.0,2,1,4.770684624465665,8.366602832783736,0.0,4301.0,8.366602832783736
457,LP002467,1,1,0,0,0,3708,2569.0,173.0,360.0,1.0,2,0,5.153291594497779,8.218247926685745,7.851661177889265,6277.0,8.744647438317532
458,LP002472,1,0,2,0,0,4354,0.0,136.0,360.0,1.0,0,1,4.912654885736052,8.378850241794492,0.0,4354.0,8.378850241794492
459,LP002473,1,1,0,0,0,8334,0.0,160.0,360.0,1.0,1,0,5.075173815233827,9.0280988119824,0.0,8334.0,9.0280988119824
460,LP002478,1,1,0,0,1,2083,4083.0,160.0,360.0,1.0,1,1,5.075173815233827,7.641564441260972,8.314832179284556,6166.0,8.726805608446096
461,LP002484,1,1,3,0,0,7740,0.0,128.0,180.0,1.0,2,1,4.852030263919617,8.954156966583772,0.0,7740.0,8.954156966583772
462,LP002487,1,1,0,0,0,3015,2188.0,153.0,360.0,1.0,0,1,5.030437921392435,8.011355109161286,7.691200097522863,5203.0,8.556990661290303
463,LP002489,0,0,1,1,0,5191,0.0,132.0,360.0,1.0,1,1,4.882801922586371,8.55468163582723,0.0,5191.0,8.55468163582723
464,LP002493,1,0,0,0,0,4166,0.0,98.0,360.0,0.0,1,0,4.584967478670572,8.334711621820917,0.0,4166.0,8.334711621820917
465,LP002494,1,0,0,0,0,6000,0.0,140.0,360.0,1.0,0,1,4.941642422609304,8.699514748210191,0.0,6000.0,8.699514748210191
466,LP002500,1,1,3,1,0,2947,1664.0,70.0,180.0,0.0,2,0,4.248495242049359,7.988542982737695,7.417580402414544,4611.0,8.436200032206706
467,LP002501,1,1,0,0,0,16692,0.0,110.0,360.0,1.0,1,1,4.700480365792417,9.722684841711443,0.0,16692.0,9.722684841711443
468,LP002502,0,1,2,1,0,210,2917.0,98.0,360.0,1.0,1,1,4.584967478670572,5.3471075307174685,7.978653729082731,3127.0,8.047829357457841
469,LP002505,1,1,0,0,0,4333,2451.0,110.0,360.0,1.0,2,0,4.700480365792417,8.374015421739909,7.804659297056102,6784.0,8.822322177471738
470,LP002515,1,1,1,0,1,3450,2079.0,162.0,360.0,1.0,1,1,5.087596335232384,8.146129510025405,7.640123172695364,5529.0,8.617762246337932
471,LP002517,1,1,1,1,0,2653,1500.0,113.0,180.0,0.0,0,0,4.727387818712341,7.88344635413774,7.313886831633462,4153.0,8.331586243630754
472,LP002519,1,1,3,0,0,4691,0.0,100.0,360.0,1.0,1,1,4.605170185988092,8.453401058328458,0.0,4691.0,8.453401058328458
473,LP002522,0,0,0,0,1,2500,0.0,93.0,360.0,1.0,2,1,4.532599493153256,7.824046010856292,0.0,2500.0,7.824046010856292
474,LP002524,1,0,2,0,0,5532,4648.0,162.0,360.0,1.0,0,1,5.087596335232384,8.61830469278465,8.444407421690585,10180.0,9.228180290104513
475,LP002527,1,1,2,0,1,16525,1014.0,150.0,360.0,1.0,0,1,5.0106352940962555,9.712629664719888,6.922643891475888,17539.0,9.772182251758139
476,LP002529,1,1,2,0,0,6700,1750.0,230.0,300.0,1.0,1,1,5.438079308923196,8.809862805379057,7.467942332285852,8450.0,9.041921720351219
477,LP002530,1,1,2,0,0,2873,1872.0,132.0,360.0,0.0,1,0,4.882801922586371,7.96311205897929,7.5352967024440884,4745.0,8.464846711044029
478,LP002531,1,1,1,0,1,16667,2250.0,86.0,360.0,1.0,1,1,4.454347296253507,9.721185995542177,7.719129840906732,18917.0,9.847816267665664
479,LP002533,1,1,2,0,0,2947,1603.0,128.0,360.0,1.0,2,0,4.852030263919617,7.988542982737695,7.38025578842646,4550.0,8.422882511944996
480,LP002534,0,0,0,1,0,4350,0.0,154.0,360.0,1.0,0,1,5.0369526024136295,8.37793112408273,0.0,4350.0,8.37793112408273
481,LP002536,1,1,3,1,0,3095,0.0,113.0,360.0,1.0,0,1,4.727387818712341,8.037543185118697,0.0,3095.0,8.037543185118697
482,LP002537,1,1,0,0,0,2083,3150.0,128.0,360.0,1.0,1,1,4.852030263919617,7.641564441260972,8.055475141757274,5233.0,8.562740006372207
483,LP002541,1,1,0,0,0,10833,0.0,234.0,360.0,1.0,1,1,5.455321115357702,9.290352309945568,0.0,10833.0,9.290352309945568
484,LP002543,1,1,2,0,0,8333,0.0,246.0,360.0,1.0,1,1,5.5053315359323625,9.027978814382207,0.0,8333.0,9.027978814382207
485,LP002544,1,1,1,1,0,1958,2436.0,131.0,360.0,1.0,0,1,4.875197323201151,7.579678823090456,7.798523053625206,4394.0,8.387995252944556
486,LP002545,1,0,2,0,0,3547,0.0,80.0,360.0,0.0,0,0,4.382026634673881,8.173857454773621,0.0,3547.0,8.173857454773621
487,LP002547,1,1,1,0,0,18333,0.0,500.0,360.0,1.0,2,0,6.214608098422191,9.816457993563025,0.0,18333.0,9.816457993563025
488,LP002555,1,1,2,0,1,4583,2083.0,160.0,360.0,1.0,1,1,5.075173815233827,8.430109084509125,7.642044402873258,6666.0,8.804775258867686
489,LP002556,1,0,0,0,0,2435,0.0,75.0,360.0,1.0,2,0,4.31748811353631,7.79770203551669,0.0,2435.0,7.79770203551669
490,LP002560,1,0,0,1,0,2699,2785.0,96.0,360.0,1.0,1,1,4.564348191467836,7.900636613018005,7.932362154339751,5484.0,8.609590040682205
491,LP002562,1,1,1,1,0,5333,1131.0,186.0,360.0,1.0,2,1,5.225746673713202,8.581669210600602,7.0317412587631285,6464.0,8.774003600200931
492,LP002571,1,0,0,1,0,3691,0.0,110.0,360.0,1.0,0,1,4.700480365792417,8.213652703029998,0.0,3691.0,8.213652703029998
493,LP002582,0,0,0,1,1,17263,0.0,225.0,360.0,1.0,1,1,5.41610040220442,9.756320761816548,0.0,17263.0,9.756320761816548
494,LP002585,1,1,0,0,0,3597,2157.0,119.0,360.0,0.0,0,0,4.77912349311153,8.187855443695623,7.67693714581808,5754.0,8.657650544111494
495,LP002586,0,1,1,0,0,3326,913.0,105.0,84.0,1.0,1,1,4.653960350157523,8.109525659752872,6.81783057145415,4239.0,8.352082671352637
496,LP002587,1,1,0,1,0,2600,1700.0,107.0,360.0,1.0,0,1,4.672828834461906,7.8632667240095735,7.438971592395862,4300.0,8.366370301681654
497,LP002588,1,1,0,0,0,4625,2857.0,111.0,12.0,1.0,2,1,4.709530201312334,8.439231649946526,7.957877358489813,7482.0,8.920255414908091
498,LP002600,1,1,1,0,1,2895,0.0,95.0,360.0,1.0,1,1,4.553876891600541,7.970740390007095,0.0,2895.0,7.970740390007095
499,LP002602,1,0,0,0,0,6283,4416.0,209.0,360.0,0.0,0,0,5.342334251964811,8.745602852402946,8.393216011596527,10699.0,9.277905558138606
500,LP002603,0,0,0,0,0,645,3683.0,113.0,480.0,1.0,0,1,4.727387818712341,6.4692503167957724,8.211754397375197,4328.0,8.372860820526318
501,LP002606,0,0,0,0,0,3159,0.0,100.0,360.0,1.0,1,1,4.605170185988092,8.058010800802085,0.0,3159.0,8.058010800802085
502,LP002615,1,1,2,0,0,4865,5624.0,208.0,360.0,1.0,1,1,5.337538079701318,8.489821994620105,8.63497622707262,10489.0,9.258082367961604
503,LP002618,1,1,1,1,0,4050,5302.0,138.0,360.0,1.0,0,0,4.927253685157205,8.306472160100585,8.57602797713713,9352.0,9.143345503151904
504,LP002619,1,1,0,1,0,3814,1483.0,124.0,300.0,1.0,1,1,4.820281565605037,8.246433786160365,7.302496423727326,5297.0,8.574895901544526
505,LP002622,1,1,2,0,0,3510,4416.0,243.0,360.0,1.0,0,1,5.493061443340548,8.163371316459912,8.393216011596527,7926.0,8.97790377375038
506,LP002624,1,1,0,0,0,20833,6667.0,480.0,360.0,1.0,2,1,6.173786103901937,9.944293546928382,8.805075243870684,27500.0,10.221941283654663
507,LP002625,1,0,0,0,0,3583,0.0,96.0,360.0,1.0,2,0,4.564348191467836,8.183955717304954,0.0,3583.0,8.183955717304954
508,LP002626,1,1,0,0,1,2479,3013.0,188.0,360.0,1.0,2,1,5.236441962829949,7.8156105320351905,8.01102337918644,5492.0,8.61104776688786
509,LP002634,0,0,1,0,0,13262,0.0,40.0,360.0,1.0,2,1,3.6888794541139363,9.492658081928813,0.0,13262.0,9.492658081928813
510,LP002637,1,0,0,1,0,3598,1287.0,100.0,360.0,1.0,0,0,4.605170185988092,8.188133414510478,7.160845906664299,4885.0,8.493924564476883
511,LP002640,1,1,1,0,0,6065,2004.0,250.0,360.0,1.0,1,1,5.521460917862246,8.71028982137815,7.60339933974067,8069.0,8.995784837848506
512,LP002643,1,1,2,0,0,3283,2035.0,148.0,360.0,1.0,2,1,4.997212273764115,8.096512917501594,7.618742377670413,5318.0,8.578852571802965
513,LP002648,1,1,0,0,0,2130,6666.0,70.0,180.0,1.0,1,0,4.248495242049359,7.6638772587034705,8.80492526261806,8796.0,9.082052351674651
